Episode,TotalReward,CheckpointsReached,BestCheckpointIndex,CoinsCollected,BombsHit,Duration,Epsilon,EndReason,LearnedStateCount,QTableFile,NewBest
1,90.696,3,2,3,1,42.144,1.000,Stuck,22,q_table_v4.json,True
2,67.195,2,1,0,0,29.464,0.995,Stuck,25,q_table_v4.json,False
3,61.190,2,1,4,3,27.714,0.990,Stuck,26,q_table_v4.json,False
4,104.483,3,2,0,0,34.603,0.985,Stuck,32,q_table_v4.json,True
5,66.110,2,1,0,0,25.726,0.980,Stuck,34,q_table_v4.json,False
6,188.984,5,4,6,0,47.964,0.975,Stuck,50,q_table_v4.json,True
7,70.491,2,1,0,0,33.027,0.970,Stuck,51,q_table_v4.json,False
8,66.460,2,1,0,0,26.222,0.966,Stuck,51,q_table_v4.json,False
9,68.150,2,1,0,0,29.874,0.961,Stuck,52,q_table_v4.json,False
10,428.766,12,11,6,1,90.038,0.956,TimeLimit,85,q_table_v4.json,True
11,312.928,9,8,0,1,64.808,0.951,Stuck,92,q_table_v4.json,False
12,63.315,2,1,1,3,30.703,0.946,Stuck,93,q_table_v4.json,False
13,71.070,2,1,0,0,27.716,0.942,Stuck,94,q_table_v4.json,False
14,430.998,12,11,2,0,74.600,0.937,Stuck,99,q_table_v4.json,True
15,58.460,2,1,3,4,27.135,0.932,Stuck,99,q_table_v4.json,False
16,67.791,2,1,0,0,27.549,0.928,Stuck,100,q_table_v4.json,False
17,253.341,7,6,1,1,53.106,0.923,Stuck,108,q_table_v4.json,False
18,66.221,2,1,0,0,29.462,0.918,Stuck,110,q_table_v4.json,False
19,210.918,6,5,4,2,56.096,0.914,Stuck,112,q_table_v4.json,False
20,68.461,2,1,0,0,25.310,0.909,Stuck,112,q_table_v4.json,False
21,512.273,14,13,8,0,90.036,0.905,TimeLimit,122,q_table_v4.json,True
22,63.492,2,1,0,0,29.126,0.900,Stuck,123,q_table_v4.json,False
23,66.041,2,1,0,0,25.311,0.896,Stuck,123,q_table_v4.json,False
24,68.009,2,1,0,0,28.629,0.891,Stuck,123,q_table_v4.json,False
25,257.826,7,6,8,0,79.993,0.887,Stuck,126,q_table_v4.json,False
26,223.767,6,5,5,0,58.086,0.882,Stuck,128,q_table_v4.json,False
27,71.150,2,1,0,0,27.716,0.878,Stuck,128,q_table_v4.json,False
28,66.363,2,1,0,0,33.527,0.873,Stuck,128,q_table_v4.json,False
29,69.446,2,1,0,0,25.725,0.869,Stuck,128,q_table_v4.json,False
30,64.381,2,1,0,0,32.529,0.865,Stuck,128,q_table_v4.json,False
31,248.433,7,6,6,2,71.780,0.860,Stuck,130,q_table_v4.json,False
32,66.272,2,1,0,0,25.722,0.856,Stuck,131,q_table_v4.json,False
33,210.830,6,5,6,3,57.094,0.852,Stuck,132,q_table_v4.json,False
34,68.479,2,1,0,0,27.217,0.848,Stuck,132,q_table_v4.json,False
35,62.476,2,1,1,3,26.222,0.843,Stuck,132,q_table_v4.json,False
36,69.279,2,1,0,0,30.453,0.839,Stuck,132,q_table_v4.json,False
37,103.756,3,2,0,0,32.123,0.835,Stuck,132,q_table_v4.json,False
38,67.653,2,1,0,0,25.466,0.831,Stuck,132,q_table_v4.json,False
39,59.370,2,1,4,4,27.054,0.827,Stuck,132,q_table_v4.json,False
40,107.269,3,2,0,0,39.169,0.822,Stuck,133,q_table_v4.json,False
41,66.793,2,1,0,0,25.223,0.818,Stuck,133,q_table_v4.json,False
42,71.582,2,1,0,0,28.548,0.814,Stuck,133,q_table_v4.json,False
43,97.767,3,2,0,0,34.933,0.810,Stuck,133,q_table_v4.json,False
44,71.045,2,1,0,0,25.229,0.806,Stuck,133,q_table_v4.json,False
45,341.150,9,8,3,0,71.282,0.802,Stuck,138,q_table_v4.json,False
46,80.241,2,1,0,0,28.627,0.798,Stuck,138,q_table_v4.json,False
47,69.064,2,1,0,0,29.626,0.794,Stuck,138,q_table_v4.json,False
48,236.664,7,6,4,3,65.059,0.790,Stuck,139,q_table_v4.json,False
49,77.619,2,1,0,0,29.295,0.786,Stuck,139,q_table_v4.json,False
50,69.361,2,1,0,0,28.046,0.782,Stuck,139,q_table_v4.json,False
51,107.254,3,2,1,0,31.698,0.778,Stuck,141,q_table_v4.json,False
52,71.656,2,1,0,0,27.965,0.774,Stuck,141,q_table_v4.json,False
53,70.550,2,1,0,0,26.638,0.771,Stuck,141,q_table_v4.json,False
54,67.317,2,1,0,0,27.467,0.767,Stuck,141,q_table_v4.json,False
55,65.017,2,1,0,0,25.972,0.763,Stuck,141,q_table_v4.json,False
56,68.380,2,1,0,0,27.469,0.759,Stuck,141,q_table_v4.json,False
57,184.221,5,4,5,0,43.564,0.755,Stuck,142,q_table_v4.json,False
58,71.372,2,1,0,0,26.389,0.751,Stuck,142,q_table_v4.json,False
59,68.287,2,1,0,0,26.635,0.748,Stuck,142,q_table_v4.json,False
60,67.383,2,1,0,0,28.215,0.744,Stuck,142,q_table_v4.json,False
61,319.103,9,8,2,0,65.807,0.740,Stuck,146,q_table_v4.json,False
62,70.039,2,1,0,0,29.540,0.737,Stuck,146,q_table_v4.json,False
63,222.508,6,5,4,0,52.698,0.733,Stuck,146,q_table_v4.json,False
64,67.122,2,1,0,0,27.878,0.729,Stuck,146,q_table_v4.json,False
65,66.939,2,1,0,0,25.726,0.726,Stuck,146,q_table_v4.json,False
66,69.608,2,1,1,0,27.549,0.722,Stuck,146,q_table_v4.json,False
67,69.222,2,1,0,0,31.948,0.718,Stuck,146,q_table_v4.json,False
68,141.536,4,3,0,1,45.641,0.715,Stuck,152,q_table_v4.json,False
69,251.480,7,6,7,1,60.242,0.711,Stuck,152,q_table_v4.json,False
70,317.046,9,8,8,0,57.425,0.708,Stuck,152,q_table_v4.json,False
71,324.219,9,8,4,0,68.709,0.704,Stuck,153,q_table_v4.json,False
72,68.520,2,1,0,0,26.057,0.701,Stuck,153,q_table_v4.json,False
73,67.002,2,1,0,0,27.143,0.697,Stuck,153,q_table_v4.json,False
74,66.454,2,1,0,0,28.621,0.694,Stuck,153,q_table_v4.json,False
75,178.077,5,4,5,0,55.933,0.690,Stuck,155,q_table_v4.json,False
76,103.815,3,2,8,0,35.515,0.687,Stuck,155,q_table_v4.json,False
77,147.495,4,3,7,0,33.688,0.683,Stuck,157,q_table_v4.json,False
78,76.249,2,1,0,0,27.468,0.680,Stuck,157,q_table_v4.json,False
79,63.909,2,1,0,0,26.308,0.676,Stuck,157,q_table_v4.json,False
80,66.081,2,1,0,0,28.959,0.673,Stuck,157,q_table_v4.json,False
81,65.711,2,1,0,0,28.461,0.670,Stuck,157,q_table_v4.json,False
82,293.661,8,7,6,1,61.990,0.666,Stuck,164,q_table_v4.json,False
83,108.716,3,2,2,0,44.812,0.663,Stuck,164,q_table_v4.json,False
84,39.715,1,0,0,0,22.650,0.660,Stuck,171,q_table_v4.json,False
85,176.577,5,4,4,2,49.540,0.656,Stuck,171,q_table_v4.json,False
86,66.829,2,1,0,0,32.531,0.653,Stuck,171,q_table_v4.json,False
87,102.429,3,2,0,0,31.865,0.650,Stuck,172,q_table_v4.json,False
88,34.187,1,0,0,0,22.735,0.647,Stuck,172,q_table_v4.json,False
89,291.462,8,7,6,1,52.201,0.643,Stuck,175,q_table_v4.json,False
90,68.592,2,1,0,0,27.711,0.640,Stuck,175,q_table_v4.json,False
91,68.410,2,1,0,0,26.388,0.637,Stuck,175,q_table_v4.json,False
92,70.978,2,1,0,0,25.395,0.634,Stuck,175,q_table_v4.json,False
93,74.395,2,1,0,0,26.717,0.631,Stuck,176,q_table_v4.json,False
94,242.751,7,6,2,2,59.585,0.627,Stuck,177,q_table_v4.json,False
95,70.769,2,1,0,0,25.307,0.624,Stuck,177,q_table_v4.json,False
96,66.853,2,1,0,0,28.877,0.621,Stuck,177,q_table_v4.json,False
97,103.003,3,2,0,0,30.786,0.618,Stuck,177,q_table_v4.json,False
98,69.572,2,1,0,0,26.058,0.615,Stuck,177,q_table_v4.json,False
99,73.767,2,1,3,0,27.384,0.612,Stuck,177,q_table_v4.json,False
100,65.726,2,1,0,0,27.717,0.609,Stuck,177,q_table_v4.json,False
101,74.892,2,1,0,0,27.133,0.606,Stuck,177,q_table_v4.json,False
102,67.275,2,1,0,0,26.803,0.603,Stuck,177,q_table_v4.json,False
103,246.933,7,6,4,2,53.524,0.600,Stuck,177,q_table_v4.json,False
104,103.736,3,2,0,0,34.027,0.597,Stuck,177,q_table_v4.json,False
105,70.264,2,1,0,0,25.306,0.594,Stuck,177,q_table_v4.json,False
106,72.305,2,1,0,0,30.125,0.591,Stuck,177,q_table_v4.json,False
107,73.379,2,1,0,0,25.308,0.588,Stuck,177,q_table_v4.json,False
108,63.104,2,1,0,0,28.464,0.585,Stuck,177,q_table_v4.json,False
109,139.726,4,3,5,1,40.161,0.582,Stuck,177,q_table_v4.json,False
110,69.976,2,1,1,0,26.558,0.579,Stuck,177,q_table_v4.json,False
111,67.161,2,1,0,0,25.890,0.576,Stuck,180,q_table_v4.json,False
112,72.848,2,1,0,0,27.716,0.573,Stuck,180,q_table_v4.json,False
113,189.324,5,4,2,0,43.648,0.570,Stuck,183,q_table_v4.json,False
114,67.464,2,1,0,0,25.227,0.568,Stuck,183,q_table_v4.json,False
115,179.801,5,4,2,1,41.325,0.565,Stuck,184,q_table_v4.json,False
116,73.998,2,1,0,0,25.310,0.562,Stuck,184,q_table_v4.json,False
117,251.448,7,6,3,0,48.710,0.559,Stuck,184,q_table_v4.json,False
118,68.331,2,1,0,0,27.634,0.556,Stuck,184,q_table_v4.json,False
119,63.893,2,1,0,0,25.808,0.554,Stuck,184,q_table_v4.json,False
120,73.242,2,1,0,0,28.795,0.551,Stuck,184,q_table_v4.json,False
121,71.392,2,1,0,0,26.055,0.548,Stuck,184,q_table_v4.json,False
122,72.971,2,1,0,0,31.451,0.545,Stuck,184,q_table_v4.json,False
123,66.567,2,1,0,0,26.470,0.543,Stuck,184,q_table_v4.json,False
124,103.599,3,2,3,0,37.438,0.540,Stuck,184,q_table_v4.json,False
125,64.356,2,1,0,0,26.379,0.537,Stuck,184,q_table_v4.json,False
126,178.972,5,4,5,0,41.321,0.534,Stuck,185,q_table_v4.json,False
127,68.851,2,1,0,0,26.723,0.532,Stuck,185,q_table_v4.json,False
128,67.382,2,1,0,0,25.225,0.529,Stuck,185,q_table_v4.json,False
129,67.340,2,1,0,0,26.306,0.526,Stuck,186,q_table_v4.json,False
130,65.097,2,1,0,0,26.138,0.524,Stuck,186,q_table_v4.json,False
131,65.959,2,1,0,0,26.387,0.521,Stuck,186,q_table_v4.json,False
132,69.994,2,1,0,0,25.314,0.519,Stuck,186,q_table_v4.json,False
133,67.926,2,1,0,0,26.138,0.516,Stuck,186,q_table_v4.json,False
134,66.309,2,1,0,0,25.310,0.513,Stuck,186,q_table_v4.json,False
135,75.012,2,1,0,0,26.138,0.511,Stuck,186,q_table_v4.json,False
136,33.852,1,0,0,0,22.986,0.508,Stuck,187,q_table_v4.json,False
137,104.016,3,2,0,0,32.696,0.506,Stuck,187,q_table_v4.json,False
138,97.945,3,2,3,1,37.339,0.503,Stuck,187,q_table_v4.json,False
139,68.472,2,1,0,0,28.632,0.501,Stuck,187,q_table_v4.json,False
140,71.802,2,1,0,0,27.798,0.498,Stuck,187,q_table_v4.json,False
141,68.456,2,1,0,0,26.279,0.496,Stuck,187,q_table_v4.json,False
142,65.221,2,1,0,0,25.417,0.493,Stuck,187,q_table_v4.json,False
143,69.838,2,1,0,0,26.058,0.491,Stuck,187,q_table_v4.json,False
144,71.226,2,1,0,0,27.883,0.488,Stuck,187,q_table_v4.json,False
145,69.446,2,1,0,0,28.544,0.486,Stuck,188,q_table_v4.json,False
146,78.904,2,1,0,0,28.296,0.483,Stuck,188,q_table_v4.json,False
147,65.869,2,1,0,0,27.137,0.481,Stuck,188,q_table_v4.json,False
148,68.399,2,1,0,0,28.129,0.479,Stuck,188,q_table_v4.json,False
149,69.841,2,1,0,0,25.642,0.476,Stuck,188,q_table_v4.json,False
150,72.648,2,1,0,0,28.217,0.474,Stuck,188,q_table_v4.json,False
151,64.267,2,1,0,0,30.452,0.471,Stuck,188,q_table_v4.json,False
152,67.143,2,1,0,0,27.056,0.469,Stuck,188,q_table_v4.json,False
153,66.340,2,1,0,0,25.723,0.467,Stuck,188,q_table_v4.json,False
154,69.245,2,1,0,0,25.393,0.464,Stuck,188,q_table_v4.json,False
155,63.172,2,1,0,0,26.637,0.462,Stuck,188,q_table_v4.json,False
156,70.571,2,1,0,0,25.307,0.460,Stuck,188,q_table_v4.json,False
157,106.199,3,2,6,0,34.022,0.458,Stuck,188,q_table_v4.json,False
158,111.624,3,2,5,0,30.125,0.455,Stuck,189,q_table_v4.json,False
159,70.132,2,1,0,0,25.226,0.453,Stuck,189,q_table_v4.json,False
160,69.566,2,1,0,0,27.136,0.451,Stuck,189,q_table_v4.json,False
161,72.178,2,1,0,0,26.803,0.448,Stuck,189,q_table_v4.json,False
162,109.230,3,2,5,0,30.539,0.446,Stuck,189,q_table_v4.json,False
163,105.627,3,2,0,0,30.371,0.444,Stuck,189,q_table_v4.json,False
164,69.571,2,1,0,0,28.294,0.442,Stuck,189,q_table_v4.json,False
165,103.040,3,2,0,0,28.631,0.440,Stuck,189,q_table_v4.json,False
166,76.691,2,1,0,0,27.634,0.437,Stuck,189,q_table_v4.json,False
167,70.703,2,1,0,0,25.226,0.435,Stuck,189,q_table_v4.json,False
168,74.507,2,1,0,0,29.456,0.433,Stuck,189,q_table_v4.json,False
169,67.068,2,1,0,0,26.390,0.431,Stuck,189,q_table_v4.json,False
170,320.804,9,8,7,1,75.184,0.429,Stuck,189,q_table_v4.json,False
171,244.973,7,6,2,2,59.748,0.427,Stuck,189,q_table_v4.json,False
172,98.990,3,2,0,0,32.776,0.424,Stuck,190,q_table_v4.json,False
173,67.831,2,1,0,0,25.309,0.422,Stuck,190,q_table_v4.json,False
174,74.378,2,1,0,0,29.955,0.420,Stuck,190,q_table_v4.json,False
175,68.751,2,1,0,0,26.474,0.418,Stuck,190,q_table_v4.json,False
176,69.493,2,1,0,0,25.395,0.416,Stuck,190,q_table_v4.json,False
177,72.271,2,1,0,0,30.035,0.414,Stuck,190,q_table_v4.json,False
178,65.959,2,1,0,0,26.388,0.412,Stuck,190,q_table_v4.json,False
179,74.721,2,1,0,0,27.135,0.410,Stuck,191,q_table_v4.json,False
180,67.789,2,1,0,0,28.797,0.408,Stuck,191,q_table_v4.json,False
181,71.320,2,1,0,0,26.803,0.406,Stuck,191,q_table_v4.json,False
182,66.275,2,1,0,0,27.883,0.404,Stuck,191,q_table_v4.json,False
183,71.100,2,1,0,0,34.103,0.402,Stuck,191,q_table_v4.json,False
184,72.431,2,1,0,0,26.473,0.400,Stuck,191,q_table_v4.json,False
185,66.459,2,1,0,0,25.309,0.398,Stuck,191,q_table_v4.json,False
186,68.104,2,1,0,0,25.311,0.396,Stuck,191,q_table_v4.json,False
187,70.531,2,1,0,0,25.309,0.394,Stuck,191,q_table_v4.json,False
188,65.602,2,1,0,0,26.056,0.392,Stuck,191,q_table_v4.json,False
189,146.558,4,3,3,0,35.187,0.390,Stuck,191,q_table_v4.json,False
190,67.109,2,1,0,0,26.385,0.388,Stuck,191,q_table_v4.json,False
191,66.791,2,1,0,0,25.394,0.386,Stuck,191,q_table_v4.json,False
192,220.755,6,5,11,0,48.793,0.384,Stuck,192,q_table_v4.json,False
193,67.999,2,1,0,0,25.310,0.382,Stuck,192,q_table_v4.json,False
194,68.349,2,1,0,0,25.310,0.380,Stuck,192,q_table_v4.json,False
195,70.648,2,1,0,0,25.306,0.378,Stuck,192,q_table_v4.json,False
196,62.808,2,1,0,0,25.313,0.376,Stuck,192,q_table_v4.json,False
197,67.039,2,1,0,0,26.303,0.374,Stuck,192,q_table_v4.json,False
198,67.611,2,1,0,0,25.977,0.373,Stuck,192,q_table_v4.json,False
199,70.161,2,1,0,0,25.309,0.371,Stuck,192,q_table_v4.json,False
200,62.652,2,1,0,0,25.309,0.369,Stuck,192,q_table_v4.json,False
201,69.488,2,1,0,0,28.464,0.367,Stuck,192,q_table_v4.json,False
202,100.785,3,2,0,0,31.613,0.365,Stuck,192,q_table_v4.json,False
203,66.856,2,1,0,0,25.310,0.363,Stuck,192,q_table_v4.json,False
204,100.251,3,2,0,1,34.436,0.361,Stuck,192,q_table_v4.json,False
205,71.147,2,1,0,0,26.141,0.360,Stuck,192,q_table_v4.json,False
206,67.386,2,1,0,0,26.722,0.358,Stuck,192,q_table_v4.json,False
207,70.630,2,1,0,0,26.302,0.356,Stuck,192,q_table_v4.json,False
208,68.537,2,1,0,0,26.056,0.354,Stuck,192,q_table_v4.json,False
209,66.979,2,1,0,0,25.312,0.353,Stuck,192,q_table_v4.json,False
210,68.077,2,1,0,0,25.809,0.351,Stuck,192,q_table_v4.json,False
211,173.331,5,4,4,0,38.005,0.349,Stuck,193,q_table_v4.json,False
212,71.453,2,1,0,0,25.309,0.347,Stuck,193,q_table_v4.json,False
213,71.139,2,1,0,0,25.392,0.346,Stuck,193,q_table_v4.json,False
214,142.148,4,3,5,0,35.433,0.344,Stuck,194,q_table_v4.json,False
215,67.981,2,1,0,0,26.058,0.342,Stuck,194,q_table_v4.json,False
216,61.846,2,1,0,0,25.309,0.340,Stuck,194,q_table_v4.json,False
217,72.779,2,1,0,0,27.717,0.339,Stuck,194,q_table_v4.json,False
218,67.198,2,1,0,0,25.307,0.337,Stuck,194,q_table_v4.json,False
219,76.379,2,1,0,0,25.310,0.335,Stuck,194,q_table_v4.json,False
220,145.734,4,3,0,0,36.430,0.334,Stuck,194,q_table_v4.json,False
221,103.825,3,2,0,0,30.703,0.332,Stuck,194,q_table_v4.json,False
222,104.684,3,2,6,0,32.863,0.330,Stuck,194,q_table_v4.json,False
223,71.005,2,1,0,0,26.303,0.329,Stuck,194,q_table_v4.json,False
224,72.775,2,1,0,0,29.142,0.327,Stuck,194,q_table_v4.json,False
225,64.318,2,1,0,0,25.629,0.325,Stuck,194,q_table_v4.json,False
226,67.795,2,1,0,0,25.972,0.324,Stuck,194,q_table_v4.json,False
227,65.590,2,1,0,0,26.970,0.322,Stuck,194,q_table_v4.json,False
228,67.345,2,1,0,0,25.226,0.321,Stuck,194,q_table_v4.json,False
229,67.328,2,1,0,0,25.391,0.319,Stuck,194,q_table_v4.json,False
230,66.358,2,1,0,0,25.226,0.317,Stuck,194,q_table_v4.json,False
231,143.705,4,3,0,0,34.854,0.316,Stuck,194,q_table_v4.json,False
232,67.612,2,1,0,0,25.806,0.314,Stuck,194,q_table_v4.json,False
233,65.550,2,1,0,0,29.294,0.313,Stuck,194,q_table_v4.json,False
234,101.240,3,2,3,1,35.269,0.311,Stuck,194,q_table_v4.json,False
235,254.825,7,6,1,0,63.068,0.309,Stuck,194,q_table_v4.json,False
236,132.493,4,3,2,1,51.201,0.308,Stuck,195,q_table_v4.json,False
237,66.984,2,1,0,0,25.306,0.306,Stuck,195,q_table_v4.json,False
238,150.748,4,3,0,0,37.258,0.305,Stuck,195,q_table_v4.json,False
239,67.197,2,1,0,0,30.634,0.303,Stuck,195,q_table_v4.json,False
240,172.352,5,4,5,1,48.449,0.302,Stuck,195,q_table_v4.json,False
241,67.000,2,1,0,0,26.304,0.300,Stuck,195,q_table_v4.json,False
242,259.553,7,6,1,0,43.813,0.299,Stuck,195,q_table_v4.json,False
243,148.622,4,3,4,0,42.157,0.297,Stuck,195,q_table_v4.json,False
244,69.111,2,1,0,0,25.722,0.296,Stuck,195,q_table_v4.json,False
245,66.615,2,1,0,0,25.229,0.294,Stuck,195,q_table_v4.json,False
246,223.031,6,5,3,0,43.895,0.293,Stuck,195,q_table_v4.json,False
247,67.551,2,1,0,0,25.230,0.291,Stuck,195,q_table_v4.json,False
248,77.972,2,1,0,0,25.307,0.290,Stuck,195,q_table_v4.json,False
249,143.485,4,3,5,0,36.926,0.288,Stuck,195,q_table_v4.json,False
250,66.719,2,1,0,0,25.313,0.287,Stuck,195,q_table_v4.json,False
251,68.246,2,1,0,0,26.637,0.286,Stuck,196,q_table_v4.json,False
252,65.433,2,1,0,0,26.636,0.284,Stuck,196,q_table_v4.json,False
253,67.462,2,1,0,0,25.227,0.283,Stuck,196,q_table_v4.json,False
254,100.582,3,2,0,0,33.192,0.281,Stuck,196,q_table_v4.json,False
255,68.616,2,1,0,0,26.805,0.280,Stuck,196,q_table_v4.json,False
256,70.163,2,1,0,0,27.301,0.279,Stuck,196,q_table_v4.json,False
257,70.336,2,1,0,0,25.307,0.277,Stuck,196,q_table_v4.json,False
258,68.351,2,1,0,0,25.308,0.276,Stuck,196,q_table_v4.json,False
259,71.225,2,1,1,0,25.310,0.274,Stuck,196,q_table_v4.json,False
260,69.152,2,1,0,0,29.378,0.273,Stuck,196,q_table_v4.json,False
261,68.476,2,1,0,0,25.806,0.272,Stuck,196,q_table_v4.json,False
262,68.601,2,1,0,0,25.810,0.270,Stuck,196,q_table_v4.json,False
263,73.073,2,1,0,0,25.309,0.269,Stuck,196,q_table_v4.json,False
264,73.252,2,1,0,0,25.308,0.268,Stuck,196,q_table_v4.json,False
265,69.033,2,1,0,0,25.311,0.266,Stuck,196,q_table_v4.json,False
266,69.245,2,1,0,0,26.386,0.265,Stuck,196,q_table_v4.json,False
267,108.169,3,2,0,0,28.633,0.264,Stuck,196,q_table_v4.json,False
268,68.462,2,1,0,0,25.724,0.262,Stuck,196,q_table_v4.json,False
269,69.851,2,1,0,0,26.555,0.261,Stuck,196,q_table_v4.json,False
270,63.786,2,1,0,0,34.022,0.260,Stuck,196,q_table_v4.json,False
271,96.873,3,2,6,1,31.199,0.258,Stuck,196,q_table_v4.json,False
272,70.846,2,1,0,0,25.226,0.257,Stuck,196,q_table_v4.json,False
273,69.157,2,1,0,0,26.558,0.256,Stuck,196,q_table_v4.json,False
274,70.616,2,1,0,0,25.308,0.255,Stuck,196,q_table_v4.json,False
275,76.553,2,1,0,0,25.643,0.253,Stuck,196,q_table_v4.json,False
276,70.188,2,1,0,0,25.226,0.252,Stuck,196,q_table_v4.json,False
277,62.111,2,1,1,0,25.225,0.251,Stuck,196,q_table_v4.json,False
278,173.665,5,4,2,1,47.215,0.250,Stuck,196,q_table_v4.json,False
279,66.463,2,1,0,0,25.309,0.250,Stuck,196,q_table_v4.json,False
280,66.911,2,1,0,0,25.313,0.250,Stuck,196,q_table_v4.json,False
281,68.984,2,1,0,0,25.975,0.250,Stuck,197,q_table_v4.json,False
282,69.061,2,1,0,0,25.306,0.250,Stuck,197,q_table_v4.json,False
283,71.442,2,1,0,0,27.884,0.250,Stuck,197,q_table_v4.json,False
284,65.824,2,1,0,0,27.634,0.250,Stuck,197,q_table_v4.json,False
285,69.956,2,1,0,0,26.387,0.250,Stuck,197,q_table_v4.json,False
286,67.609,2,1,0,0,25.309,0.250,Stuck,197,q_table_v4.json,False
287,67.182,2,1,0,0,25.254,0.250,Stuck,197,q_table_v4.json,False
288,64.121,2,1,0,0,25.283,0.250,Stuck,197,q_table_v4.json,False
289,75.997,2,1,0,0,25.390,0.250,Stuck,197,q_table_v4.json,False
290,66.809,2,1,0,0,25.726,0.250,Stuck,197,q_table_v4.json,False
291,64.931,2,1,0,0,25.308,0.250,Stuck,197,q_table_v4.json,False
292,67.560,2,1,0,0,26.224,0.250,Stuck,197,q_table_v4.json,False
293,69.393,2,1,0,0,25.309,0.250,Stuck,197,q_table_v4.json,False
294,62.945,2,1,0,0,25.976,0.250,Stuck,197,q_table_v4.json,False
295,67.464,2,1,2,0,28.541,0.250,Stuck,197,q_table_v4.json,False
296,67.068,2,1,0,0,26.063,0.250,Stuck,197,q_table_v4.json,False
297,66.346,2,1,0,0,25.306,0.250,Stuck,197,q_table_v4.json,False
298,64.210,2,1,2,0,27.051,0.250,Stuck,197,q_table_v4.json,False
299,139.534,4,3,5,0,38.007,0.250,Stuck,197,q_table_v4.json,False
300,64.788,2,1,0,0,25.308,0.250,Stuck,197,q_table_v4.json,False
301,65.278,2,1,0,0,25.974,0.250,Stuck,197,q_table_v4.json,False
302,66.237,2,1,1,1,35.767,0.250,Stuck,199,q_table_v4.json,False
303,249.968,7,6,0,0,50.121,0.250,Stuck,199,q_table_v4.json,False
304,66.223,2,1,0,0,25.390,0.250,Stuck,199,q_table_v4.json,False
305,66.907,2,1,0,0,25.311,0.250,Stuck,199,q_table_v4.json,False
306,67.430,2,1,0,0,26.637,0.250,Stuck,199,q_table_v4.json,False
307,65.912,2,1,0,0,25.309,0.250,Stuck,199,q_table_v4.json,False
308,68.617,2,1,0,0,27.549,0.250,Stuck,199,q_table_v4.json,False
309,248.304,7,6,3,1,54.439,0.250,Stuck,199,q_table_v4.json,False
310,59.247,2,1,0,1,25.643,0.250,Stuck,200,q_table_v4.json,False
311,144.947,4,3,4,0,34.601,0.250,Stuck,200,q_table_v4.json,False
312,66.230,2,1,0,0,25.226,0.250,Stuck,200,q_table_v4.json,False
313,65.531,2,1,0,0,25.245,0.250,Stuck,200,q_table_v4.json,False
314,68.342,2,1,0,0,25.208,0.250,Stuck,200,q_table_v4.json,False
315,65.947,2,1,0,0,26.802,0.250,Stuck,200,q_table_v4.json,False
316,67.660,2,1,0,0,25.310,0.250,Stuck,200,q_table_v4.json,False
317,69.338,2,1,0,0,25.227,0.250,Stuck,200,q_table_v4.json,False
318,67.572,2,1,0,0,30.045,0.250,Stuck,200,q_table_v4.json,False
319,74.811,2,1,0,0,26.386,0.250,Stuck,200,q_table_v4.json,False
320,67.706,2,1,0,0,26.718,0.250,Stuck,200,q_table_v4.json,False
321,65.822,2,1,0,0,25.308,0.250,Stuck,200,q_table_v4.json,False
322,63.827,2,1,0,0,26.058,0.250,Stuck,200,q_table_v4.json,False
323,71.810,2,1,0,0,25.556,0.250,Stuck,200,q_table_v4.json,False
324,70.032,2,1,0,0,26.145,0.250,Stuck,200,q_table_v4.json,False
325,68.026,2,1,0,0,26.883,0.250,Stuck,200,q_table_v4.json,False
326,210.909,6,5,5,3,55.184,0.250,Stuck,200,q_table_v4.json,False
327,64.323,2,1,0,0,25.308,0.250,Stuck,200,q_table_v4.json,False
328,66.197,2,1,0,0,26.301,0.250,Stuck,200,q_table_v4.json,False
329,69.625,2,1,0,0,25.312,0.250,Stuck,200,q_table_v4.json,False
330,74.008,2,1,0,0,25.229,0.250,Stuck,200,q_table_v4.json,False
331,67.289,2,1,0,0,27.134,0.250,Stuck,200,q_table_v4.json,False
332,99.973,3,2,2,0,33.442,0.250,Stuck,200,q_table_v4.json,False
333,106.952,3,2,0,0,33.441,0.250,Stuck,200,q_table_v4.json,False
334,63.729,2,1,0,0,25.235,0.250,Stuck,200,q_table_v4.json,False
335,67.155,2,1,0,0,25.304,0.250,Stuck,200,q_table_v4.json,False
336,69.248,2,1,0,0,25.971,0.250,Stuck,200,q_table_v4.json,False
337,61.974,2,1,0,1,25.228,0.250,Stuck,201,q_table_v4.json,False
338,67.519,2,1,0,0,27.136,0.250,Stuck,201,q_table_v4.json,False
339,67.061,2,1,0,0,26.388,0.250,Stuck,201,q_table_v4.json,False
340,70.063,2,1,0,0,25.389,0.250,Stuck,201,q_table_v4.json,False
341,66.104,2,1,0,0,25.230,0.250,Stuck,201,q_table_v4.json,False
342,66.744,2,1,0,0,25.311,0.250,Stuck,201,q_table_v4.json,False
343,69.090,2,1,0,0,25.305,0.250,Stuck,201,q_table_v4.json,False
344,74.989,2,1,0,0,25.309,0.250,Stuck,201,q_table_v4.json,False
345,76.065,2,1,0,0,25.561,0.250,Stuck,201,q_table_v4.json,False
346,68.240,2,1,0,0,25.393,0.250,Stuck,201,q_table_v4.json,False
347,65.367,2,1,0,0,25.310,0.250,Stuck,201,q_table_v4.json,False
348,69.658,2,1,0,0,25.308,0.250,Stuck,201,q_table_v4.json,False
349,72.170,2,1,0,0,27.468,0.250,Stuck,201,q_table_v4.json,False
350,71.558,2,1,0,0,25.228,0.250,Stuck,201,q_table_v4.json,False
351,71.716,2,1,0,0,25.231,0.250,Stuck,202,q_table_v4.json,False
352,67.201,2,1,0,0,25.303,0.250,Stuck,202,q_table_v4.json,False
353,142.024,4,3,3,1,34.106,0.250,Stuck,202,q_table_v4.json,False
354,72.523,2,1,0,0,25.227,0.250,Stuck,202,q_table_v4.json,False
355,70.993,2,1,0,0,25.640,0.250,Stuck,202,q_table_v4.json,False
356,64.462,2,1,0,0,26.806,0.250,Stuck,202,q_table_v4.json,False
357,71.973,2,1,0,0,25.307,0.250,Stuck,202,q_table_v4.json,False
358,72.611,2,1,0,0,26.225,0.250,Stuck,202,q_table_v4.json,False
359,104.781,3,2,0,0,30.947,0.250,Stuck,202,q_table_v4.json,False
360,69.587,2,1,0,0,25.310,0.250,Stuck,202,q_table_v4.json,False
361,75.765,2,1,0,0,25.312,0.250,Stuck,202,q_table_v4.json,False
362,252.469,7,6,0,0,40.745,0.250,Stuck,202,q_table_v4.json,False
363,68.460,2,1,0,0,26.554,0.250,Stuck,202,q_table_v4.json,False
364,69.811,2,1,0,0,25.309,0.250,Stuck,202,q_table_v4.json,False
365,66.880,2,1,0,0,27.883,0.250,Stuck,202,q_table_v4.json,False
366,103.839,3,2,0,0,29.454,0.250,Stuck,202,q_table_v4.json,False
367,67.823,2,1,0,0,26.640,0.250,Stuck,202,q_table_v4.json,False
368,69.682,2,1,0,0,28.545,0.250,Stuck,202,q_table_v4.json,False
369,67.540,2,1,0,0,31.617,0.250,Stuck,202,q_table_v4.json,False
370,67.441,2,1,0,0,25.311,0.250,Stuck,202,q_table_v4.json,False
371,72.077,2,1,0,1,25.308,0.250,Stuck,202,q_table_v4.json,False
372,68.308,2,1,0,0,26.062,0.250,Stuck,202,q_table_v4.json,False
373,252.810,7,6,5,0,44.724,0.250,Stuck,202,q_table_v4.json,False
374,142.495,4,3,0,0,33.358,0.250,Stuck,202,q_table_v4.json,False
375,69.793,2,1,0,0,29.293,0.250,Stuck,202,q_table_v4.json,False
376,68.930,2,1,0,0,25.307,0.250,Stuck,202,q_table_v4.json,False
377,73.612,2,1,0,0,25.314,0.250,Stuck,202,q_table_v4.json,False
378,68.387,2,1,0,0,25.475,0.250,Stuck,202,q_table_v4.json,False
379,69.099,2,1,0,0,29.539,0.250,Stuck,202,q_table_v4.json,False
380,75.020,2,1,0,0,26.469,0.250,Stuck,202,q_table_v4.json,False
381,104.856,3,2,0,0,33.135,0.250,Stuck,202,q_table_v4.json,False
382,67.347,2,1,0,0,25.288,0.250,Stuck,202,q_table_v4.json,False
383,66.404,2,1,0,0,25.306,0.250,Stuck,202,q_table_v4.json,False
384,71.749,2,1,0,0,25.981,0.250,Stuck,202,q_table_v4.json,False
385,65.412,2,1,0,0,25.717,0.250,Stuck,202,q_table_v4.json,False
386,73.377,2,1,0,0,25.311,0.250,Stuck,202,q_table_v4.json,False
387,73.297,2,1,0,0,25.309,0.250,Stuck,202,q_table_v4.json,False
388,68.644,2,1,0,0,26.305,0.250,Stuck,202,q_table_v4.json,False
389,31.529,1,0,0,0,22.652,0.250,Stuck,202,q_table_v4.json,False
390,67.901,2,1,0,0,26.143,0.250,Stuck,202,q_table_v4.json,False
391,223.262,6,5,3,0,45.803,0.250,Stuck,202,q_table_v4.json,False
392,71.232,2,1,0,0,26.144,0.250,Stuck,202,q_table_v4.json,False
393,135.897,4,3,0,0,48.457,0.250,Stuck,202,q_table_v4.json,False
394,70.517,2,1,1,0,25.230,0.250,Stuck,202,q_table_v4.json,False
395,71.240,2,1,0,0,25.230,0.250,Stuck,202,q_table_v4.json,False
396,63.176,2,1,1,0,25.303,0.250,Stuck,202,q_table_v4.json,False
397,71.281,2,1,0,0,25.231,0.250,Stuck,202,q_table_v4.json,False
398,65.952,2,1,0,0,25.391,0.250,Stuck,202,q_table_v4.json,False
399,64.657,2,1,0,0,25.721,0.250,Stuck,202,q_table_v4.json,False
400,67.081,2,1,0,0,25.230,0.250,Stuck,202,q_table_v4.json,False
401,66.654,2,1,0,0,26.059,0.250,Stuck,202,q_table_v4.json,False
402,73.269,2,1,0,0,26.137,0.250,Stuck,202,q_table_v4.json,False
403,68.330,2,1,0,0,26.390,0.250,Stuck,202,q_table_v4.json,False
404,67.393,2,1,0,0,25.974,0.250,Stuck,202,q_table_v4.json,False
405,69.002,2,1,0,0,26.882,0.250,Stuck,202,q_table_v4.json,False
406,61.890,2,1,0,0,25.645,0.250,Stuck,202,q_table_v4.json,False
407,69.521,2,1,0,0,25.308,0.250,Stuck,202,q_table_v4.json,False
408,179.877,5,4,5,0,37.887,0.250,Stuck,202,q_table_v4.json,False
409,70.322,2,1,0,0,25.245,0.250,Stuck,202,q_table_v4.json,False
410,70.805,2,1,0,0,26.042,0.250,Stuck,202,q_table_v4.json,False
411,64.701,2,1,0,0,25.644,0.250,Stuck,202,q_table_v4.json,False
412,66.512,2,1,0,0,25.190,0.250,Stuck,202,q_table_v4.json,False
412,68.854,2,1,0,0,25.212,0.250,Stuck,202,q_table_v4.json,False
412,64.447,2,1,0,0,25.289,0.250,Stuck,202,q_table_v4.json,False
412,66.751,2,1,0,0,25.289,0.250,Stuck,202,q_table_v4.json,False
412,66.441,2,1,0,0,25.289,0.250,Stuck,202,q_table_v4.json,False
412,67.212,2,1,0,1,25.289,0.250,Stuck,203,q_table_v4.json,False
412,61.404,2,1,0,0,25.289,0.250,Stuck,202,q_table_v4.json,False
412,64.032,2,1,0,0,25.289,0.250,Stuck,202,q_table_v4.json,False
412,64.387,2,1,0,0,27.217,0.250,Stuck,203,q_table_v4.json,False
412,66.605,2,1,0,0,27.657,0.250,Stuck,202,q_table_v4.json,False
413,68.127,2,1,0,0,26.809,0.250,Stuck,202,q_table_v4.json,False
413,70.610,2,1,0,0,25.220,0.250,Stuck,202,q_table_v4.json,False
413,68.739,2,1,0,0,25.222,0.250,Stuck,202,q_table_v4.json,False
413,66.911,2,1,0,0,25.222,0.250,Stuck,202,q_table_v4.json,False
413,64.497,2,1,0,0,25.222,0.250,Stuck,202,q_table_v4.json,False
413,65.398,2,1,0,0,25.222,0.250,Stuck,202,q_table_v4.json,False
413,72.185,2,1,0,0,25.902,0.250,Stuck,202,q_table_v4.json,False
413,64.851,2,1,0,0,26.528,0.250,Stuck,203,q_table_v4.json,False
413,67.692,2,1,1,0,25.234,0.250,Stuck,203,q_table_v4.json,False
413,69.487,2,1,0,0,27.997,0.250,Stuck,202,q_table_v4.json,False
414,70.753,2,1,0,0,25.218,0.250,Stuck,202,q_table_v4.json,False
414,68.562,2,1,0,0,25.211,0.250,Stuck,202,q_table_v4.json,False
414,67.970,2,1,0,0,25.274,0.250,Stuck,202,q_table_v4.json,False
414,67.065,2,1,0,0,25.224,0.250,Stuck,202,q_table_v4.json,False
414,70.842,2,1,0,0,26.301,0.250,Stuck,202,q_table_v4.json,False
414,67.616,2,1,0,0,25.192,0.250,Stuck,203,q_table_v4.json,False
414,68.233,2,1,0,0,25.227,0.250,Stuck,203,q_table_v4.json,False
414,67.085,2,1,0,0,28.861,0.250,Stuck,202,q_table_v4.json,False
414,106.505,3,2,0,0,30.286,0.250,Stuck,202,q_table_v4.json,False
415,67.829,2,1,0,0,25.252,0.250,Stuck,202,q_table_v4.json,False
414,142.125,4,3,0,0,37.892,0.250,Stuck,202,q_table_v4.json,False
415,62.826,2,1,0,0,25.216,0.250,Stuck,202,q_table_v4.json,False
415,68.316,2,1,0,0,25.270,0.250,Stuck,203,q_table_v4.json,False
415,64.901,2,1,0,0,27.310,0.250,Stuck,203,q_table_v4.json,False
415,63.659,2,1,1,0,26.099,0.250,Stuck,202,q_table_v4.json,False
415,102.856,3,2,1,0,32.390,0.250,Stuck,202,q_table_v4.json,False
415,152.993,4,3,2,0,36.281,0.250,Stuck,203,q_table_v4.json,False
415,141.555,4,3,0,0,37.178,0.250,Stuck,202,q_table_v4.json,False
416,68.251,2,1,0,0,25.563,0.250,Stuck,202,q_table_v4.json,False
415,63.712,2,1,0,0,27.479,0.250,Stuck,203,q_table_v4.json,False
415,133.420,4,3,6,3,48.077,0.250,Stuck,202,q_table_v4.json,False
416,64.636,2,1,0,0,25.235,0.250,Stuck,202,q_table_v4.json,False
416,68.146,2,1,0,0,26.016,0.250,Stuck,203,q_table_v4.json,False
416,65.255,2,1,0,0,26.669,0.250,Stuck,203,q_table_v4.json,False
416,65.821,2,1,0,0,25.303,0.250,Stuck,202,q_table_v4.json,False
416,68.281,2,1,0,0,25.267,0.250,Stuck,202,q_table_v4.json,False
416,63.499,2,1,0,0,25.242,0.250,Stuck,203,q_table_v4.json,False
416,71.069,2,1,0,0,30.118,0.250,Stuck,202,q_table_v4.json,False
417,66.211,2,1,0,0,25.171,0.250,Stuck,202,q_table_v4.json,False
416,67.835,2,1,0,0,28.364,0.250,Stuck,202,q_table_v4.json,False
417,66.357,2,1,0,0,25.296,0.250,Stuck,203,q_table_v4.json,False
417,68.512,2,1,0,0,25.176,0.250,Stuck,203,q_table_v4.json,False
417,68.930,2,1,0,0,29.830,0.250,Stuck,202,q_table_v4.json,False
417,62.524,2,1,0,0,25.250,0.250,Stuck,202,q_table_v4.json,False
417,65.705,2,1,0,0,25.263,0.250,Stuck,203,q_table_v4.json,False
417,147.305,4,3,5,0,34.287,0.250,Stuck,202,q_table_v4.json,False
417,65.182,2,1,0,0,25.211,0.250,Stuck,202,q_table_v4.json,False
418,107.004,3,2,0,0,32.285,0.250,Stuck,202,q_table_v4.json,False
417,68.918,2,1,2,1,27.605,0.250,Stuck,202,q_table_v4.json,False
416,252.354,7,6,3,0,62.560,0.250,Stuck,203,q_table_v4.json,False
418,68.598,2,1,0,0,27.507,0.250,Stuck,203,q_table_v4.json,False
418,145.998,4,3,5,0,35.933,0.250,Stuck,203,q_table_v4.json,False
418,68.680,2,1,0,0,25.241,0.250,Stuck,202,q_table_v4.json,False
418,103.773,3,2,0,0,31.541,0.250,Stuck,202,q_table_v4.json,False
418,69.574,2,1,0,0,25.418,0.250,Stuck,202,q_table_v4.json,False
418,139.462,4,3,4,0,38.538,0.250,Stuck,202,q_table_v4.json,False
418,152.552,4,3,0,0,36.699,0.250,Stuck,203,q_table_v4.json,False
417,66.531,2,1,1,3,25.753,0.250,Stuck,203,q_table_v4.json,False
419,67.388,2,1,0,0,28.901,0.250,Stuck,203,q_table_v4.json,False
419,65.897,2,1,0,0,27.689,0.250,Stuck,203,q_table_v4.json,False
419,66.430,2,1,0,0,26.490,0.250,Stuck,202,q_table_v4.json,False
419,70.737,2,1,0,0,25.305,0.250,Stuck,202,q_table_v4.json,False
419,253.182,7,6,2,0,44.315,0.250,Stuck,202,q_table_v4.json,False
419,70.916,2,1,0,0,26.389,0.250,Stuck,202,q_table_v4.json,False
419,72.092,2,1,0,0,25.149,0.250,Stuck,203,q_table_v4.json,False
